metric,count,total_time_sec,avg_time_sec,min_time_sec,max_time_sec,std_time_sec
context_recall,198,14081.722559452057,71.11981090632352,27.972829341888428,226.62135457992554,25.99158698704177
answer_relevancy,198,6708.391552448273,33.88076541640542,0.003009796142578125,156.000550031662,11.346931020257179
answer_accuracy,198,4934.163416385651,24.920017254472985,0.001996278762817383,112.80774354934692,8.608547672933689
context_relevance,198,4036.9398143291473,20.388584920854278,10.936723232269287,51.78020143508911,5.584295303458851
