metric,count,total_time_sec,avg_time_sec,min_time_sec,max_time_sec,std_time_sec
answer_relevancy,5,169.20269632339478,33.84053926467895,27.21119737625122,45.775612354278564,6.455741128547575
context_relevance,5,117.67984962463379,23.535969924926757,15.331269025802612,31.66034436225891,5.989506252860154
answer_accuracy,5,85.64619183540344,17.12923836708069,12.91140365600586,21.393125772476196,2.893569013648494
context_recall,5,83.15713357925415,16.63142671585083,8.953668355941772,28.18564772605896,6.615259548044614
