metric,count,total_time_sec,avg_time_sec,min_time_sec,max_time_sec,std_time_sec
context_precision,5,290.3043124675751,58.06086249351502,45.56397342681885,75.98362874984741,10.20726974183761
answer_relevancy,5,177.02445697784424,35.404891395568846,26.9949688911438,54.663981914520264,9.820155991127907
faithfulness,5,147.762757062912,29.552551412582396,22.851275205612183,47.114561557769775,9.285160614024674
context_recall,5,85.95635843276978,17.191271686553954,10.304215669631958,29.59258794784546,7.002495693180938
context_relevance,5,84.49492454528809,16.898984909057617,10.89585566520691,25.694310903549194,4.8644490738949315
response_groundedness,5,78.12303328514099,15.624606657028199,11.741543531417847,17.08909320831299,2.014953265867124
answer_accuracy,5,74.33211374282837,14.866422748565673,12.20296573638916,17.59926176071167,2.094552110710101
