metric,count,total_time_sec,avg_time_sec,min_time_sec,max_time_sec,std_time_sec
context_recall,198,12109.96279835701,61.16142827453035,27.839142322540283,256.0753164291382,27.282865880583614
answer_relevancy,198,6806.755357980728,34.37755231303398,23.75817561149597,61.82798099517822,5.418933386319916
context_relevance,198,4496.938948631287,22.711812871875185,11.244452953338623,46.533759117126465,6.616659336451727
answer_accuracy,198,3712.820844888687,18.751620428730742,9.299110412597656,137.7731430530548,9.58052699550076
